"corpusId","label","category","url","runnerId","status","phase","durationMs","title","hasImage","hasFavicon","siteName","error"
"npm-link-preview-js","npm link-preview-js","package","https://www.npmjs.com/package/link-preview-js","intent-only","fallback","normalize","0","npmjs.com","False","True","npmjs.com",
"npm-link-preview-js","npm link-preview-js","package","https://www.npmjs.com/package/link-preview-js","current-style-baseline","failed","fetch","187",,"False","False",,"HTTP 403"
"npm-link-preview-js","npm link-preview-js","package","https://www.npmjs.com/package/link-preview-js","link-preview-js","partial","parse","133","Just a moment...","False","True","npmjs.com",
"npm-link-preview-js","npm link-preview-js","package","https://www.npmjs.com/package/link-preview-js","openlink","failed","unknown","120",,"False","False",,"Forbidden (403)"
"nextjs-docs","Next.js docs","docs","https://nextjs.org/docs","intent-only","fallback","normalize","0","nextjs.org","False","True","nextjs.org",
"nextjs-docs","Next.js docs","docs","https://nextjs.org/docs","current-style-baseline","ok","parse","189","Next.js Docs | Next.js","True","True","nextjs.org",
"nextjs-docs","Next.js docs","docs","https://nextjs.org/docs","link-preview-js","ok","parse","112","Next.js Docs | Next.js","True","True","nextjs.org",
"nextjs-docs","Next.js docs","docs","https://nextjs.org/docs","openlink","ok","parse","69","Next.js Docs | Next.js","True","True","nextjs.org",
"mdn-meta","MDN meta element","docs","https://developer.mozilla.org/en-US/docs/Web/HTML/Reference/Elements/meta","intent-only","fallback","normalize","0","developer.mozilla.org","False","True","developer.mozilla.org",
"mdn-meta","MDN meta element","docs","https://developer.mozilla.org/en-US/docs/Web/HTML/Reference/Elements/meta","current-style-baseline","ok","parse","135","<meta> HTML metadata element - HTML | MDN","True","True","MDN Web Docs",
"mdn-meta","MDN meta element","docs","https://developer.mozilla.org/en-US/docs/Web/HTML/Reference/Elements/meta","link-preview-js","ok","parse","53","<meta> HTML metadata element - HTML | MDN","True","True","MDN Web Docs",
"mdn-meta","MDN meta element","docs","https://developer.mozilla.org/en-US/docs/Web/HTML/Reference/Elements/meta","openlink","partial","parse","38","<meta> HTML metadata element - HTML | MDN","False","True","developer.mozilla.org",
"stackoverflow","Stack Overflow question","qa","https://stackoverflow.com/questions/6841333","intent-only","fallback","normalize","0","stackoverflow.com","False","True","stackoverflow.com",
"stackoverflow","Stack Overflow question","qa","https://stackoverflow.com/questions/6841333","current-style-baseline","ok","parse","639","Why is subtracting these two epoch-milli Times (in year 1927) giving a strange result?","True","True","Stack Overflow",
"stackoverflow","Stack Overflow question","qa","https://stackoverflow.com/questions/6841333","link-preview-js","ok","parse","508","Why is subtracting these two epoch-milli Times (in year 1927) giving a strange result?","True","True","Stack Overflow",
"stackoverflow","Stack Overflow question","qa","https://stackoverflow.com/questions/6841333","openlink","ok","parse","551","Why is subtracting these two epoch-milli Times (in year 1927) giving a strange result?","True","True","Stack Overflow",
"reddit-androiddev","Reddit AndroidDev","social","https://www.reddit.com/r/androiddev/","intent-only","fallback","normalize","0","reddit.com","False","True","reddit.com",
"reddit-androiddev","Reddit AndroidDev","social","https://www.reddit.com/r/androiddev/","current-style-baseline","partial","parse","122","Reddit - Please wait for verification","False","True","reddit.com",
"reddit-androiddev","Reddit AndroidDev","social","https://www.reddit.com/r/androiddev/","link-preview-js","partial","parse","99","Reddit - Please wait for verification","False","True","reddit.com",
"reddit-androiddev","Reddit AndroidDev","social","https://www.reddit.com/r/androiddev/","openlink","partial","parse","113","Reddit - Please wait for verification","False","True","www.reddit.com",
"note-root","note","article","https://note.com/","intent-only","fallback","normalize","0","note.com","False","True","note.com",
"note-root","note","article","https://note.com/","current-style-baseline","ok","parse","754","note ――つくる、つながる、とどける。","True","True","note（ノート）",
"note-root","note","article","https://note.com/","link-preview-js","ok","parse","877","note ――つくる、つながる、とどける。","True","True","note（ノート）",
"note-root","note","article","https://note.com/","openlink","ok","parse","138","note ――つくる、つながる、とどける。","True","True","note（ノート）",
"hatena-root","Hatena Blog","article","https://hatenablog.com/","intent-only","fallback","normalize","0","hatenablog.com","False","True","hatenablog.com",
"hatena-root","Hatena Blog","article","https://hatenablog.com/","current-style-baseline","ok","parse","241","はてなブログ | 無料ブログを作成しよう","True","True","Hatena Blog",
"hatena-root","Hatena Blog","article","https://hatenablog.com/","link-preview-js","ok","parse","90","はてなブログ | 無料ブログを作成しよう","True","True","Hatena Blog",
"hatena-root","Hatena Blog","article","https://hatenablog.com/","openlink","ok","parse","70","はてなブログ | 無料ブログを作成しよう","True","True","Hatena Blog",
"bbc-news","BBC News","news","https://www.bbc.com/news","intent-only","fallback","normalize","0","bbc.com","False","True","bbc.com",
"bbc-news","BBC News","news","https://www.bbc.com/news","current-style-baseline","partial","parse","206","BBC News - Breaking news, video and the latest top stories from the U.S. and around the world","False","True","bbc.com",
"bbc-news","BBC News","news","https://www.bbc.com/news","link-preview-js","ok","parse","42","BBC News - Breaking news, video and the latest top stories from the U.S. and around the world","True","True","bbc.com",
"bbc-news","BBC News","news","https://www.bbc.com/news","openlink","partial","parse","32","BBC News - Breaking news, video and the latest top stories from the U.S. and around the world","False","True","www.bbc.com",
"vercel-next-repo","Vercel Next.js repo","developer","https://github.com/vercel/next.js","intent-only","fallback","normalize","0","github.com","False","True","github.com",
"vercel-next-repo","Vercel Next.js repo","developer","https://github.com/vercel/next.js","current-style-baseline","ok","parse","833","GitHub - vercel/next.js: The React Framework","True","True","GitHub",
"vercel-next-repo","Vercel Next.js repo","developer","https://github.com/vercel/next.js","link-preview-js","ok","parse","62","GitHub - vercel/next.js: The React Framework","True","True","GitHub",
"vercel-next-repo","Vercel Next.js repo","developer","https://github.com/vercel/next.js","openlink","ok","parse","42","GitHub - vercel/next.js: The React Framework","True","True","GitHub",
"cloudflare-workers","Cloudflare Workers docs","docs","https://developers.cloudflare.com/workers/","intent-only","fallback","normalize","0","developers.cloudflare.com","False","True","developers.cloudflare.com",
"cloudflare-workers","Cloudflare Workers docs","docs","https://developers.cloudflare.com/workers/","current-style-baseline","ok","parse","183","Cloudflare Workers","True","True","Cloudflare Docs",
"cloudflare-workers","Cloudflare Workers docs","docs","https://developers.cloudflare.com/workers/","link-preview-js","ok","parse","99","Cloudflare Workers","True","True","Cloudflare Docs",
"cloudflare-workers","Cloudflare Workers docs","docs","https://developers.cloudflare.com/workers/","openlink","ok","parse","86","Cloudflare Workers","True","True","Cloudflare Docs",
