"pass","corpusId","label","url","runnerId","status","phase","durationMs","title","hasImage","hasFavicon","error"
"1","github","GitHub repository","https://github.com/OP-Engineering/link-preview-js","current-style-baseline","ok","parse","1131","GitHub - OP-Engineering/link-preview-js: ⛓ Extract web links information: title, description, images, videos, etc. [via OpenGraph], runs on mobiles and node.","True","True",
"1","github","GitHub repository","https://github.com/OP-Engineering/link-preview-js","link-preview-js","ok","parse","96","GitHub - OP-Engineering/link-preview-js: ⛓ Extract web links information: title, description, images, videos, etc. [via OpenGraph], runs on mobiles and node.","True","True",
"1","youtube","YouTube video","https://www.youtube.com/watch?v=dQw4w9WgXcQ","current-style-baseline","ok","parse","180","Rick Astley - Never Gonna Give You Up (Official Video) (4K Remaster)","True","True",
"1","youtube","YouTube video","https://www.youtube.com/watch?v=dQw4w9WgXcQ","link-preview-js","ok","parse","1073","Rick Astley - Never Gonna Give You Up (Official Video) (4K Remaster)","True","True",
"1","x-post","X/Twitter post","https://x.com/github/status/1722329003819974954","current-style-baseline","partial","parse","2371","x.com","False","True",
"1","x-post","X/Twitter post","https://x.com/github/status/1722329003819974954","link-preview-js","partial","parse","2597","","True","True",
"1","npm-link-preview-js","npm link-preview-js","https://www.npmjs.com/package/link-preview-js","current-style-baseline","failed","fetch","122",,"False","False","HTTP 403"
"1","npm-link-preview-js","npm link-preview-js","https://www.npmjs.com/package/link-preview-js","link-preview-js","partial","parse","124","Just a moment...","False","True",
"1","reddit-androiddev","Reddit AndroidDev","https://www.reddit.com/r/androiddev/","current-style-baseline","partial","parse","105","Reddit - Please wait for verification","False","True",
"1","reddit-androiddev","Reddit AndroidDev","https://www.reddit.com/r/androiddev/","link-preview-js","partial","parse","93","Reddit - Please wait for verification","False","True",
"1","invalid-domain","Invalid domain","https://example.invalid/not-found","current-style-baseline","failed","unknown","30",,"False","False","fetch failed"
"1","invalid-domain","Invalid domain","https://example.invalid/not-found","link-preview-js","failed","unknown","79",,"False","False","fetch failed"
"2","github","GitHub repository","https://github.com/OP-Engineering/link-preview-js","current-style-baseline","ok","parse","188","GitHub - OP-Engineering/link-preview-js: ⛓ Extract web links information: title, description, images, videos, etc. [via OpenGraph], runs on mobiles and node.","True","True",
"2","github","GitHub repository","https://github.com/OP-Engineering/link-preview-js","link-preview-js","ok","parse","63","GitHub - OP-Engineering/link-preview-js: ⛓ Extract web links information: title, description, images, videos, etc. [via OpenGraph], runs on mobiles and node.","True","True",
"2","youtube","YouTube video","https://www.youtube.com/watch?v=dQw4w9WgXcQ","current-style-baseline","ok","parse","174","Rick Astley - Never Gonna Give You Up (Official Video) (4K Remaster)","True","True",
"2","youtube","YouTube video","https://www.youtube.com/watch?v=dQw4w9WgXcQ","link-preview-js","ok","parse","1173","Rick Astley - Never Gonna Give You Up (Official Video) (4K Remaster)","True","True",
"2","x-post","X/Twitter post","https://x.com/github/status/1722329003819974954","current-style-baseline","partial","parse","1910","x.com","False","True",
"2","x-post","X/Twitter post","https://x.com/github/status/1722329003819974954","link-preview-js","partial","parse","1271","","True","True",
"2","npm-link-preview-js","npm link-preview-js","https://www.npmjs.com/package/link-preview-js","current-style-baseline","failed","fetch","118",,"False","False","HTTP 403"
"2","npm-link-preview-js","npm link-preview-js","https://www.npmjs.com/package/link-preview-js","link-preview-js","partial","parse","100","Just a moment...","False","True",
"2","reddit-androiddev","Reddit AndroidDev","https://www.reddit.com/r/androiddev/","current-style-baseline","partial","parse","128","Reddit - Please wait for verification","False","True",
"2","reddit-androiddev","Reddit AndroidDev","https://www.reddit.com/r/androiddev/","link-preview-js","partial","parse","76","Reddit - Please wait for verification","False","True",
"2","invalid-domain","Invalid domain","https://example.invalid/not-found","current-style-baseline","failed","unknown","30",,"False","False","fetch failed"
"2","invalid-domain","Invalid domain","https://example.invalid/not-found","link-preview-js","failed","unknown","1",,"False","False","fetch failed"
"3","github","GitHub repository","https://github.com/OP-Engineering/link-preview-js","current-style-baseline","ok","parse","186","GitHub - OP-Engineering/link-preview-js: ⛓ Extract web links information: title, description, images, videos, etc. [via OpenGraph], runs on mobiles and node.","True","True",
"3","github","GitHub repository","https://github.com/OP-Engineering/link-preview-js","link-preview-js","ok","parse","60","GitHub - OP-Engineering/link-preview-js: ⛓ Extract web links information: title, description, images, videos, etc. [via OpenGraph], runs on mobiles and node.","True","True",
"3","youtube","YouTube video","https://www.youtube.com/watch?v=dQw4w9WgXcQ","current-style-baseline","ok","parse","170","Rick Astley - Never Gonna Give You Up (Official Video) (4K Remaster)","True","True",
"3","youtube","YouTube video","https://www.youtube.com/watch?v=dQw4w9WgXcQ","link-preview-js","ok","parse","984","Rick Astley - Never Gonna Give You Up (Official Video) (4K Remaster)","True","True",
"3","x-post","X/Twitter post","https://x.com/github/status/1722329003819974954","current-style-baseline","partial","parse","5245","x.com","False","True",
"3","x-post","X/Twitter post","https://x.com/github/status/1722329003819974954","link-preview-js","partial","parse","1635","","True","True",
"3","npm-link-preview-js","npm link-preview-js","https://www.npmjs.com/package/link-preview-js","current-style-baseline","failed","fetch","120",,"False","False","HTTP 403"
"3","npm-link-preview-js","npm link-preview-js","https://www.npmjs.com/package/link-preview-js","link-preview-js","partial","parse","103","Just a moment...","False","True",
"3","reddit-androiddev","Reddit AndroidDev","https://www.reddit.com/r/androiddev/","current-style-baseline","partial","parse","149","Reddit - Please wait for verification","False","True",
"3","reddit-androiddev","Reddit AndroidDev","https://www.reddit.com/r/androiddev/","link-preview-js","partial","parse","114","Reddit - Please wait for verification","False","True",
"3","invalid-domain","Invalid domain","https://example.invalid/not-found","current-style-baseline","failed","unknown","29",,"False","False","fetch failed"
"3","invalid-domain","Invalid domain","https://example.invalid/not-found","link-preview-js","failed","unknown","1",,"False","False","fetch failed"
